cdr_id,caller_phone,receiver_phone,caller_name,receiver_name,timestamp,duration_sec,call_type,cell_tower,provenance
CDR_0001,+91-98201-99881,+91-98110-23451,Vikram Malhotra,Rahul Kumar,2026-03-01T19:00:00,159,OUTGOING_VOICE,TWR_DEL_OKHLA_42,SYNTHETIC
CDR_0002,+91-98201-99881,+91-98110-23451,Vikram Malhotra,Rahul Kumar,2026-03-02T20:17:00,70,OUTGOING_VOICE,TWR_DEL_OKHLA_42,SYNTHETIC
CDR_0003,+91-98201-99881,+91-98110-23451,Vikram Malhotra,Rahul Kumar,2026-03-03T21:34:00,326,OUTGOING_VOICE,TWR_DEL_OKHLA_42,SYNTHETIC
CDR_0004,+91-98201-99881,+91-98110-23451,Vikram Malhotra,Rahul Kumar,2026-03-04T22:51:00,295,OUTGOING_VOICE,TWR_DEL_OKHLA_42,SYNTHETIC
CDR_0005,+91-98201-99881,+91-98110-23451,Vikram Malhotra,Rahul Kumar,2026-03-05T23:08:00,273,OUTGOING_VOICE,TWR_DEL_OKHLA_42,SYNTHETIC
CDR_0006,+91-98201-99881,+91-98110-23451,Vikram Malhotra,Rahul Kumar,2026-03-07T00:25:00,187,OUTGOING_VOICE,TWR_DEL_OKHLA_42,SYNTHETIC
CDR_0007,+91-98201-99881,+91-98110-23451,Vikram Malhotra,Rahul Kumar,2026-03-08T01:42:00,149,OUTGOING_VOICE,TWR_DEL_OKHLA_42,SYNTHETIC
CDR_0008,+91-98201-99881,+91-98110-23451,Vikram Malhotra,Rahul Kumar,2026-03-09T02:59:00,603,OUTGOING_VOICE,TWR_DEL_OKHLA_42,SYNTHETIC
CDR_0009,+91-98201-99881,+91-98110-23451,Vikram Malhotra,Rahul Kumar,2026-03-09T19:16:00,134,OUTGOING_VOICE,TWR_DEL_OKHLA_42,SYNTHETIC
CDR_0010,+91-98201-99881,+91-98110-23451,Vikram Malhotra,Rahul Kumar,2026-03-10T20:33:00,477,OUTGOING_VOICE,TWR_DEL_OKHLA_42,SYNTHETIC
CDR_0011,+91-98201-99881,+91-98110-23451,Vikram Malhotra,Rahul Kumar,2026-03-01T21:50:00,77,OUTGOING_VOICE,TWR_DEL_OKHLA_42,SYNTHETIC
CDR_0012,+91-98201-99881,+91-98110-23451,Vikram Malhotra,Rahul Kumar,2026-03-02T22:07:00,75,OUTGOING_VOICE,TWR_DEL_OKHLA_42,SYNTHETIC
CDR_0013,+91-98201-99881,+91-98110-23451,Vikram Malhotra,Rahul Kumar,2026-03-03T23:24:00,140,OUTGOING_VOICE,TWR_DEL_OKHLA_42,SYNTHETIC
CDR_0014,+91-98201-99881,+91-98110-23451,Vikram Malhotra,Rahul Kumar,2026-03-05T00:41:00,268,OUTGOING_VOICE,TWR_DEL_OKHLA_42,SYNTHETIC
CDR_0015,+91-98201-99881,+91-98110-23451,Vikram Malhotra,Rahul Kumar,2026-03-06T01:58:00,283,OUTGOING_VOICE,TWR_DEL_OKHLA_42,SYNTHETIC
CDR_0016,+91-98201-99881,+91-98110-23451,Vikram Malhotra,Rahul Kumar,2026-03-07T02:15:00,562,OUTGOING_VOICE,TWR_DEL_OKHLA_42,SYNTHETIC
CDR_0017,+91-98201-99881,+91-98110-23451,Vikram Malhotra,Rahul Kumar,2026-03-07T19:32:00,72,OUTGOING_VOICE,TWR_DEL_OKHLA_42,SYNTHETIC
CDR_0018,+91-98201-99881,+91-98110-23451,Vikram Malhotra,Rahul Kumar,2026-03-08T20:49:00,619,OUTGOING_VOICE,TWR_DEL_OKHLA_42,SYNTHETIC
CDR_0019,+91-98201-99881,+91-98110-23451,Vikram Malhotra,Rahul Kumar,2026-03-09T21:06:00,248,OUTGOING_VOICE,TWR_DEL_OKHLA_42,SYNTHETIC
CDR_0020,+91-98201-99881,+91-98110-23451,Vikram Malhotra,Rahul Kumar,2026-03-10T22:23:00,603,OUTGOING_VOICE,TWR_DEL_OKHLA_42,SYNTHETIC
CDR_0021,+91-98201-99881,+91-98110-23451,Vikram Malhotra,Rahul Kumar,2026-03-01T23:40:00,474,OUTGOING_VOICE,TWR_DEL_OKHLA_42,SYNTHETIC
CDR_0022,+91-98201-99881,+91-98110-23451,Vikram Malhotra,Rahul Kumar,2026-03-03T00:57:00,270,OUTGOING_VOICE,TWR_DEL_OKHLA_42,SYNTHETIC
CDR_0023,+91-98201-99881,+91-98110-23451,Vikram Malhotra,Rahul Kumar,2026-03-04T01:14:00,504,OUTGOING_VOICE,TWR_DEL_OKHLA_42,SYNTHETIC
CDR_0024,+91-98201-99881,+91-98110-23451,Vikram Malhotra,Rahul Kumar,2026-03-05T02:31:00,329,OUTGOING_VOICE,TWR_DEL_OKHLA_42,SYNTHETIC
CDR_0025,+91-98201-99881,+91-98110-23451,Vikram Malhotra,Rahul Kumar,2026-03-05T19:48:00,51,OUTGOING_VOICE,TWR_DEL_OKHLA_42,SYNTHETIC
CDR_0026,+91-98110-23451,+91-98101-77889,Rahul Kumar,Deepak Verma,2026-03-01T20:00:00,111,OUTGOING_VOICE,TWR_NOI_SEC18_01,SYNTHETIC
CDR_0027,+91-98110-23451,+91-98101-77889,Rahul Kumar,Deepak Verma,2026-03-02T21:13:00,246,OUTGOING_VOICE,TWR_NOI_SEC18_01,SYNTHETIC
CDR_0028,+91-98110-23451,+91-98101-77889,Rahul Kumar,Deepak Verma,2026-03-03T22:26:00,204,OUTGOING_VOICE,TWR_NOI_SEC18_01,SYNTHETIC
CDR_0029,+91-98110-23451,+91-98101-77889,Rahul Kumar,Deepak Verma,2026-03-04T23:39:00,172,OUTGOING_VOICE,TWR_NOI_SEC18_01,SYNTHETIC
CDR_0030,+91-98110-23451,+91-98101-77889,Rahul Kumar,Deepak Verma,2026-03-06T00:52:00,109,OUTGOING_VOICE,TWR_NOI_SEC18_01,SYNTHETIC
CDR_0031,+91-98110-23451,+91-98101-77889,Rahul Kumar,Deepak Verma,2026-03-07T01:05:00,140,OUTGOING_VOICE,TWR_NOI_SEC18_01,SYNTHETIC
CDR_0032,+91-98110-23451,+91-98101-77889,Rahul Kumar,Deepak Verma,2026-03-07T20:18:00,202,OUTGOING_VOICE,TWR_NOI_SEC18_01,SYNTHETIC
CDR_0033,+91-98110-23451,+91-98101-77889,Rahul Kumar,Deepak Verma,2026-03-08T21:31:00,82,OUTGOING_VOICE,TWR_NOI_SEC18_01,SYNTHETIC
CDR_0034,+91-98110-23451,+91-98101-77889,Rahul Kumar,Deepak Verma,2026-03-09T22:44:00,77,OUTGOING_VOICE,TWR_NOI_SEC18_01,SYNTHETIC
CDR_0035,+91-98110-23451,+91-98101-77889,Rahul Kumar,Deepak Verma,2026-03-10T23:57:00,224,OUTGOING_VOICE,TWR_NOI_SEC18_01,SYNTHETIC
CDR_0036,+91-98110-23451,+91-98101-77889,Rahul Kumar,Deepak Verma,2026-03-12T00:10:00,79,OUTGOING_VOICE,TWR_NOI_SEC18_01,SYNTHETIC
CDR_0037,+91-98110-23451,+91-98101-77889,Rahul Kumar,Deepak Verma,2026-03-13T01:23:00,213,OUTGOING_VOICE,TWR_NOI_SEC18_01,SYNTHETIC
CDR_0038,+91-98110-23451,+91-98101-77889,Rahul Kumar,Deepak Verma,2026-03-01T20:36:00,206,OUTGOING_VOICE,TWR_NOI_SEC18_01,SYNTHETIC
CDR_0039,+91-98110-23451,+91-98101-77889,Rahul Kumar,Deepak Verma,2026-03-02T21:49:00,165,OUTGOING_VOICE,TWR_NOI_SEC18_01,SYNTHETIC
CDR_0040,+91-98110-23451,+91-98101-77889,Rahul Kumar,Deepak Verma,2026-03-03T22:02:00,52,OUTGOING_VOICE,TWR_NOI_SEC18_01,SYNTHETIC
CDR_0041,+91-97115-44332,+91-99580-11223,Tariq Sheikh,Amit Sharma,2026-03-01T18:00:00,433,OUTGOING_VOICE,TWR_MUM_BKC_10,SYNTHETIC
CDR_0042,+91-97115-44332,+91-99580-11223,Tariq Sheikh,Amit Sharma,2026-03-02T19:19:00,295,OUTGOING_VOICE,TWR_MUM_BKC_10,SYNTHETIC
CDR_0043,+91-97115-44332,+91-99580-11223,Tariq Sheikh,Amit Sharma,2026-03-03T20:38:00,334,OUTGOING_VOICE,TWR_MUM_BKC_10,SYNTHETIC
CDR_0044,+91-97115-44332,+91-99580-11223,Tariq Sheikh,Amit Sharma,2026-03-04T21:57:00,123,OUTGOING_VOICE,TWR_MUM_BKC_10,SYNTHETIC
CDR_0045,+91-97115-44332,+91-99580-11223,Tariq Sheikh,Amit Sharma,2026-03-05T22:16:00,253,OUTGOING_VOICE,TWR_MUM_BKC_10,SYNTHETIC
CDR_0046,+91-97115-44332,+91-99580-11223,Tariq Sheikh,Amit Sharma,2026-03-06T23:35:00,100,OUTGOING_VOICE,TWR_MUM_BKC_10,SYNTHETIC
CDR_0047,+91-97115-44332,+91-99580-11223,Tariq Sheikh,Amit Sharma,2026-03-08T00:54:00,342,OUTGOING_VOICE,TWR_MUM_BKC_10,SYNTHETIC
CDR_0048,+91-97115-44332,+91-99580-11223,Tariq Sheikh,Amit Sharma,2026-03-09T01:13:00,210,OUTGOING_VOICE,TWR_MUM_BKC_10,SYNTHETIC
CDR_0049,+91-97115-44332,+91-99580-11223,Tariq Sheikh,Amit Sharma,2026-03-10T02:32:00,381,OUTGOING_VOICE,TWR_MUM_BKC_10,SYNTHETIC
CDR_0050,+91-97115-44332,+91-99580-11223,Tariq Sheikh,Amit Sharma,2026-03-10T18:51:00,376,OUTGOING_VOICE,TWR_MUM_BKC_10,SYNTHETIC
CDR_0051,+91-97115-44332,+91-99580-11223,Tariq Sheikh,Amit Sharma,2026-03-01T19:10:00,245,OUTGOING_VOICE,TWR_MUM_BKC_10,SYNTHETIC
CDR_0052,+91-97115-44332,+91-99580-11223,Tariq Sheikh,Amit Sharma,2026-03-02T20:29:00,355,OUTGOING_VOICE,TWR_MUM_BKC_10,SYNTHETIC
CDR_0053,+91-97115-44332,+91-99580-11223,Tariq Sheikh,Amit Sharma,2026-03-03T21:48:00,158,OUTGOING_VOICE,TWR_MUM_BKC_10,SYNTHETIC
CDR_0054,+91-97115-44332,+91-99580-11223,Tariq Sheikh,Amit Sharma,2026-03-04T22:07:00,420,OUTGOING_VOICE,TWR_MUM_BKC_10,SYNTHETIC
CDR_0055,+91-97115-44332,+91-99580-11223,Tariq Sheikh,Amit Sharma,2026-03-05T23:26:00,95,OUTGOING_VOICE,TWR_MUM_BKC_10,SYNTHETIC
CDR_0056,+91-97115-44332,+91-99580-11223,Tariq Sheikh,Amit Sharma,2026-03-07T00:45:00,83,OUTGOING_VOICE,TWR_MUM_BKC_10,SYNTHETIC
CDR_0057,+91-97115-44332,+91-99580-11223,Tariq Sheikh,Amit Sharma,2026-03-08T01:04:00,398,OUTGOING_VOICE,TWR_MUM_BKC_10,SYNTHETIC
CDR_0058,+91-97115-44332,+91-99580-11223,Tariq Sheikh,Amit Sharma,2026-03-09T02:23:00,176,OUTGOING_VOICE,TWR_MUM_BKC_10,SYNTHETIC
CDR_0059,+91-97115-44332,+91-99580-11223,Tariq Sheikh,Amit Sharma,2026-03-09T18:42:00,455,OUTGOING_VOICE,TWR_MUM_BKC_10,SYNTHETIC
CDR_0060,+91-97115-44332,+91-99580-11223,Tariq Sheikh,Amit Sharma,2026-03-10T19:01:00,208,OUTGOING_VOICE,TWR_MUM_BKC_10,SYNTHETIC
CDR_0061,+91-97115-44332,+91-99580-11223,Tariq Sheikh,Amit Sharma,2026-03-01T20:20:00,100,OUTGOING_VOICE,TWR_MUM_BKC_10,SYNTHETIC
CDR_0062,+91-97115-44332,+91-99580-11223,Tariq Sheikh,Amit Sharma,2026-03-02T21:39:00,179,OUTGOING_VOICE,TWR_MUM_BKC_10,SYNTHETIC
CDR_0063,+91-97115-44332,+91-99580-11223,Tariq Sheikh,Amit Sharma,2026-03-03T22:58:00,111,OUTGOING_VOICE,TWR_MUM_BKC_10,SYNTHETIC
CDR_0064,+91-97115-44332,+91-99580-11223,Tariq Sheikh,Amit Sharma,2026-03-04T23:17:00,254,OUTGOING_VOICE,TWR_MUM_BKC_10,SYNTHETIC
CDR_0065,+91-97115-44332,+91-99580-11223,Tariq Sheikh,Amit Sharma,2026-03-06T00:36:00,202,OUTGOING_VOICE,TWR_MUM_BKC_10,SYNTHETIC
CDR_0066,+91-97115-44332,+91-98440-66778,Tariq Sheikh,Imran Khan,2026-03-01T23:00:00,156,OUTGOING_VOICE,TWR_MUM_KURLA_04,SYNTHETIC
CDR_0067,+91-97115-44332,+91-98440-66778,Tariq Sheikh,Imran Khan,2026-03-03T00:23:00,202,OUTGOING_VOICE,TWR_MUM_KURLA_04,SYNTHETIC
CDR_0068,+91-97115-44332,+91-98440-66778,Tariq Sheikh,Imran Khan,2026-03-04T01:46:00,133,OUTGOING_VOICE,TWR_MUM_KURLA_04,SYNTHETIC
CDR_0069,+91-97115-44332,+91-98440-66778,Tariq Sheikh,Imran Khan,2026-03-05T02:09:00,81,OUTGOING_VOICE,TWR_MUM_KURLA_04,SYNTHETIC
CDR_0070,+91-97115-44332,+91-98440-66778,Tariq Sheikh,Imran Khan,2026-03-06T03:32:00,134,OUTGOING_VOICE,TWR_MUM_KURLA_04,SYNTHETIC
CDR_0071,+91-97115-44332,+91-98440-66778,Tariq Sheikh,Imran Khan,2026-03-06T23:55:00,130,OUTGOING_VOICE,TWR_MUM_KURLA_04,SYNTHETIC
CDR_0072,+91-97115-44332,+91-98440-66778,Tariq Sheikh,Imran Khan,2026-03-08T00:18:00,93,OUTGOING_VOICE,TWR_MUM_KURLA_04,SYNTHETIC
CDR_0073,+91-97115-44332,+91-98440-66778,Tariq Sheikh,Imran Khan,2026-03-09T01:41:00,211,OUTGOING_VOICE,TWR_MUM_KURLA_04,SYNTHETIC
CDR_0074,+91-97115-44332,+91-98440-66778,Tariq Sheikh,Imran Khan,2026-03-10T02:04:00,108,OUTGOING_VOICE,TWR_MUM_KURLA_04,SYNTHETIC
CDR_0075,+91-97115-44332,+91-98440-66778,Tariq Sheikh,Imran Khan,2026-03-11T03:27:00,219,OUTGOING_VOICE,TWR_MUM_KURLA_04,SYNTHETIC
CDR_0076,+91-97115-44332,+91-98440-66778,Tariq Sheikh,Imran Khan,2026-03-11T23:50:00,214,OUTGOING_VOICE,TWR_MUM_KURLA_04,SYNTHETIC
CDR_0077,+91-97115-44332,+91-98440-66778,Tariq Sheikh,Imran Khan,2026-03-13T00:13:00,205,OUTGOING_VOICE,TWR_MUM_KURLA_04,SYNTHETIC
CDR_0078,+91-97115-44332,+91-98440-66778,Tariq Sheikh,Imran Khan,2026-03-02T01:36:00,58,OUTGOING_VOICE,TWR_MUM_KURLA_04,SYNTHETIC
CDR_0079,+91-97115-44332,+91-98440-66778,Tariq Sheikh,Imran Khan,2026-03-03T02:59:00,195,OUTGOING_VOICE,TWR_MUM_KURLA_04,SYNTHETIC
CDR_0080,+91-97115-44332,+91-98440-66778,Tariq Sheikh,Imran Khan,2026-03-04T03:22:00,202,OUTGOING_VOICE,TWR_MUM_KURLA_04,SYNTHETIC
CDR_0081,+91-98110-23451,+91-97115-44332,Rahul Kumar,Tariq Sheikh,2026-03-12T18:00:00,295,OUTGOING_VOICE,TWR_NOI_SEC18_01,SYNTHETIC
CDR_0082,+91-97115-44332,+91-98110-23451,Tariq Sheikh,Rahul Kumar,2026-03-12T20:07:00,666,OUTGOING_VOICE,TWR_MUM_BKC_10,SYNTHETIC
CDR_0083,+91-98110-23451,+91-97115-44332,Rahul Kumar,Tariq Sheikh,2026-03-12T22:14:00,866,OUTGOING_VOICE,TWR_NOI_SEC18_01,SYNTHETIC
CDR_0084,+91-97115-44332,+91-98110-23451,Tariq Sheikh,Rahul Kumar,2026-03-13T00:21:00,370,OUTGOING_VOICE,TWR_MUM_BKC_10,SYNTHETIC
CDR_0085,+91-98110-23451,+91-97115-44332,Rahul Kumar,Tariq Sheikh,2026-03-13T02:28:00,287,OUTGOING_VOICE,TWR_NOI_SEC18_01,SYNTHETIC
CDR_0086,+91-97115-44332,+91-98110-23451,Tariq Sheikh,Rahul Kumar,2026-03-13T04:35:00,593,OUTGOING_VOICE,TWR_MUM_BKC_10,SYNTHETIC
CDR_0087,+91-98110-23451,+91-97115-44332,Rahul Kumar,Tariq Sheikh,2026-03-13T06:42:00,508,OUTGOING_VOICE,TWR_NOI_SEC18_01,SYNTHETIC
CDR_0088,+91-97115-44332,+91-98110-23451,Tariq Sheikh,Rahul Kumar,2026-03-13T08:49:00,396,OUTGOING_VOICE,TWR_MUM_BKC_10,SYNTHETIC
CDR_0089,+91-98110-23451,+91-97115-44332,Rahul Kumar,Tariq Sheikh,2026-03-13T10:06:00,775,OUTGOING_VOICE,TWR_NOI_SEC18_01,SYNTHETIC
CDR_0090,+91-97115-44332,+91-98110-23451,Tariq Sheikh,Rahul Kumar,2026-03-13T12:13:00,824,OUTGOING_VOICE,TWR_MUM_BKC_10,SYNTHETIC
CDR_0091,+91-98110-23451,+91-97115-44332,Rahul Kumar,Tariq Sheikh,2026-03-13T14:20:00,690,OUTGOING_VOICE,TWR_NOI_SEC18_01,SYNTHETIC
CDR_0092,+91-97115-44332,+91-98110-23451,Tariq Sheikh,Rahul Kumar,2026-03-13T16:27:00,344,OUTGOING_VOICE,TWR_MUM_BKC_10,SYNTHETIC
CDR_0093,+91-98110-23451,+91-97115-44332,Rahul Kumar,Tariq Sheikh,2026-03-13T18:34:00,821,OUTGOING_VOICE,TWR_NOI_SEC18_01,SYNTHETIC
CDR_0094,+91-97115-44332,+91-98110-23451,Tariq Sheikh,Rahul Kumar,2026-03-13T20:41:00,452,OUTGOING_VOICE,TWR_MUM_BKC_10,SYNTHETIC
CDR_0095,+91-98110-23451,+91-97115-44332,Rahul Kumar,Tariq Sheikh,2026-03-13T22:48:00,906,OUTGOING_VOICE,TWR_NOI_SEC18_01,SYNTHETIC
CDR_0096,+91-97115-44332,+91-98110-23451,Tariq Sheikh,Rahul Kumar,2026-03-14T00:05:00,914,OUTGOING_VOICE,TWR_MUM_BKC_10,SYNTHETIC
CDR_0097,+91-98110-23451,+91-97115-44332,Rahul Kumar,Tariq Sheikh,2026-03-14T02:12:00,177,OUTGOING_VOICE,TWR_NOI_SEC18_01,SYNTHETIC
CDR_0098,+91-97115-44332,+91-98110-23451,Tariq Sheikh,Rahul Kumar,2026-03-14T04:19:00,354,OUTGOING_VOICE,TWR_MUM_BKC_10,SYNTHETIC
CDR_0099,+91-98110-23451,+91-97115-44332,Rahul Kumar,Tariq Sheikh,2026-03-14T06:26:00,152,OUTGOING_VOICE,TWR_NOI_SEC18_01,SYNTHETIC
CDR_0100,+91-97115-44332,+91-98110-23451,Tariq Sheikh,Rahul Kumar,2026-03-14T08:33:00,944,OUTGOING_VOICE,TWR_MUM_BKC_10,SYNTHETIC
CDR_0101,+91-98110-23451,+91-97115-44332,Rahul Kumar,Tariq Sheikh,2026-03-14T10:40:00,443,OUTGOING_VOICE,TWR_NOI_SEC18_01,SYNTHETIC
CDR_0102,+91-97115-44332,+91-98110-23451,Tariq Sheikh,Rahul Kumar,2026-03-14T12:47:00,530,OUTGOING_VOICE,TWR_MUM_BKC_10,SYNTHETIC
CDR_0103,+91-98110-23451,+91-99580-11223,Rahul Kumar,Amit Sharma,2026-03-12T21:00:00,217,OUTGOING_VOICE,TWR_DEL_MAHIPALPUR_09,SYNTHETIC
CDR_0104,+91-98110-23451,+91-99580-11223,Rahul Kumar,Amit Sharma,2026-03-13T00:11:00,113,OUTGOING_VOICE,TWR_DEL_MAHIPALPUR_09,SYNTHETIC
CDR_0105,+91-98110-23451,+91-99580-11223,Rahul Kumar,Amit Sharma,2026-03-13T03:22:00,188,OUTGOING_VOICE,TWR_DEL_MAHIPALPUR_09,SYNTHETIC
CDR_0106,+91-98110-23451,+91-99580-11223,Rahul Kumar,Amit Sharma,2026-03-13T06:33:00,370,OUTGOING_VOICE,TWR_DEL_MAHIPALPUR_09,SYNTHETIC
CDR_0107,+91-98110-23451,+91-99580-11223,Rahul Kumar,Amit Sharma,2026-03-13T09:44:00,528,OUTGOING_VOICE,TWR_DEL_MAHIPALPUR_09,SYNTHETIC
CDR_0108,+91-98110-23451,+91-99580-11223,Rahul Kumar,Amit Sharma,2026-03-13T12:10:00,447,OUTGOING_VOICE,TWR_DEL_MAHIPALPUR_09,SYNTHETIC
CDR_0109,+91-98110-23451,+91-99580-11223,Rahul Kumar,Amit Sharma,2026-03-13T15:21:00,241,OUTGOING_VOICE,TWR_DEL_MAHIPALPUR_09,SYNTHETIC
CDR_0110,+91-98110-23451,+91-99580-11223,Rahul Kumar,Amit Sharma,2026-03-13T18:32:00,188,OUTGOING_VOICE,TWR_DEL_MAHIPALPUR_09,SYNTHETIC
CDR_0111,+91-98110-23451,+91-99580-11223,Rahul Kumar,Amit Sharma,2026-03-13T21:43:00,415,OUTGOING_VOICE,TWR_DEL_MAHIPALPUR_09,SYNTHETIC
CDR_0112,+91-98110-23451,+91-99580-11223,Rahul Kumar,Amit Sharma,2026-03-14T00:09:00,335,OUTGOING_VOICE,TWR_DEL_MAHIPALPUR_09,SYNTHETIC
CDR_0113,+91-98110-23451,+91-99580-11223,Rahul Kumar,Amit Sharma,2026-03-14T03:20:00,282,OUTGOING_VOICE,TWR_DEL_MAHIPALPUR_09,SYNTHETIC
CDR_0114,+91-98110-23451,+91-99580-11223,Rahul Kumar,Amit Sharma,2026-03-14T06:31:00,532,OUTGOING_VOICE,TWR_DEL_MAHIPALPUR_09,SYNTHETIC
CDR_0115,+91-98188-99001,+91-98110-23451,Prepaid Burner - Noida,Rahul Kumar,2026-03-12T18:00:00,83,OUTGOING_VOICE,TWR_NOI_SEC18_01,SYNTHETIC
CDR_0116,+91-98188-99001,+91-98110-23451,Prepaid Burner - Noida,Rahul Kumar,2026-03-12T23:13:00,43,OUTGOING_VOICE,TWR_NOI_SEC18_01,SYNTHETIC
CDR_0117,+91-98188-99001,+91-98110-23451,Prepaid Burner - Noida,Rahul Kumar,2026-03-13T04:26:00,58,OUTGOING_VOICE,TWR_NOI_SEC18_01,SYNTHETIC
CDR_0118,+91-98188-99001,+91-98110-23451,Prepaid Burner - Noida,Rahul Kumar,2026-03-13T09:39:00,42,OUTGOING_VOICE,TWR_NOI_SEC18_01,SYNTHETIC
CDR_0119,+91-98188-99001,+91-98110-23451,Prepaid Burner - Noida,Rahul Kumar,2026-03-13T14:12:00,56,OUTGOING_VOICE,TWR_NOI_SEC18_01,SYNTHETIC
CDR_0120,+91-98188-99001,+91-98110-23451,Prepaid Burner - Noida,Rahul Kumar,2026-03-13T19:25:00,93,OUTGOING_VOICE,TWR_NOI_SEC18_01,SYNTHETIC
CDR_0121,+91-98188-99001,+91-98110-23451,Prepaid Burner - Noida,Rahul Kumar,2026-03-14T00:38:00,58,OUTGOING_VOICE,TWR_NOI_SEC18_01,SYNTHETIC
CDR_0122,+91-98188-99001,+91-98110-23451,Prepaid Burner - Noida,Rahul Kumar,2026-03-14T05:11:00,79,OUTGOING_VOICE,TWR_NOI_SEC18_01,SYNTHETIC
CDR_0123,+91-98111-00200,+91-98110-23451,Peripheral Contact 1,Rahul Kumar,2026-03-01T21:00:00,89,INCOMING_VOICE,TWR_DEL_CP_03,SYNTHETIC
CDR_0124,+91-98111-00201,+91-98201-99881,Peripheral Contact 2,Vikram Malhotra,2026-03-02T22:00:00,66,INCOMING_VOICE,TWR_DEL_CP_03,SYNTHETIC
CDR_0125,+91-98111-00202,+91-98201-99881,Peripheral Contact 3,Vikram Malhotra,2026-03-03T23:00:00,61,INCOMING_VOICE,TWR_DEL_CP_03,SYNTHETIC
CDR_0126,+91-98111-00203,+91-98110-23451,Peripheral Contact 4,Rahul Kumar,2026-03-05T00:00:00,43,INCOMING_VOICE,TWR_DEL_CP_03,SYNTHETIC
CDR_0127,+91-98111-00204,+91-98201-99881,Peripheral Contact 5,Vikram Malhotra,2026-03-06T01:00:00,32,INCOMING_VOICE,TWR_DEL_CP_03,SYNTHETIC
CDR_0128,+91-98111-00205,+91-98201-99881,Peripheral Contact 6,Vikram Malhotra,2026-03-06T21:00:00,80,INCOMING_VOICE,TWR_DEL_CP_03,SYNTHETIC
CDR_0129,+91-98111-00206,+91-98110-23451,Peripheral Contact 7,Rahul Kumar,2026-03-07T22:00:00,78,INCOMING_VOICE,TWR_DEL_CP_03,SYNTHETIC
CDR_0130,+91-98111-00207,+91-98201-99881,Peripheral Contact 8,Vikram Malhotra,2026-03-08T23:00:00,26,INCOMING_VOICE,TWR_DEL_CP_03,SYNTHETIC
CDR_0131,+91-98111-00208,+91-98201-99881,Peripheral Contact 9,Vikram Malhotra,2026-03-10T00:00:00,111,INCOMING_VOICE,TWR_DEL_CP_03,SYNTHETIC
CDR_0132,+91-98111-00209,+91-98110-23451,Peripheral Contact 10,Rahul Kumar,2026-03-11T01:00:00,21,INCOMING_VOICE,TWR_DEL_CP_03,SYNTHETIC
CDR_0133,+91-98111-00200,+91-98201-99881,Peripheral Contact 11,Vikram Malhotra,2026-03-11T21:00:00,29,INCOMING_VOICE,TWR_DEL_CP_03,SYNTHETIC
CDR_0134,+91-98111-00201,+91-98201-99881,Peripheral Contact 12,Vikram Malhotra,2026-03-12T22:00:00,34,INCOMING_VOICE,TWR_DEL_CP_03,SYNTHETIC
CDR_0135,+91-98111-00202,+91-98110-23451,Peripheral Contact 13,Rahul Kumar,2026-03-13T23:00:00,95,INCOMING_VOICE,TWR_DEL_CP_03,SYNTHETIC
CDR_0136,+91-98111-00203,+91-98201-99881,Peripheral Contact 14,Vikram Malhotra,2026-03-15T00:00:00,35,INCOMING_VOICE,TWR_DEL_CP_03,SYNTHETIC
CDR_0137,+91-98111-00204,+91-98201-99881,Peripheral Contact 15,Vikram Malhotra,2026-03-02T01:00:00,116,INCOMING_VOICE,TWR_DEL_CP_03,SYNTHETIC
CDR_0138,+91-98111-00205,+91-98110-23451,Peripheral Contact 16,Rahul Kumar,2026-03-02T21:00:00,102,INCOMING_VOICE,TWR_DEL_CP_03,SYNTHETIC
CDR_0139,+91-98111-00206,+91-98201-99881,Peripheral Contact 17,Vikram Malhotra,2026-03-03T22:00:00,69,INCOMING_VOICE,TWR_DEL_CP_03,SYNTHETIC
CDR_0140,+91-98111-00207,+91-98201-99881,Peripheral Contact 18,Vikram Malhotra,2026-03-04T23:00:00,91,INCOMING_VOICE,TWR_DEL_CP_03,SYNTHETIC
