incident_id,fir_number,title,police_station,incident_date,incident_type,location_name,summary,accused_mentioned,vehicles_involved,provenance
INC_001,FIR 104/2026 PS Sector 20 Noida,Interception of Illicit Consignment & E-Way Bill Forgery,"Sector 20 Police Station, Noida Commissionerate",2026-03-14,Fraud & Illicit Transit,Sector 18 Market Noida,Police team intercepted white Scorpio UP14 AB 1234 parked near Sector 18 market. Driver fled on foot. Seized 14 fake consignment vouchers bearing seal of Apex Global Logistics and delivery address of Zenith Import-Export Mumbai. An individual identified in spot inquiry as R. Kumar was observed exiting vehicle minutes prior.,R. Kumar;Rahul Kumar;Deepak Verma,UP14 AB 1234,SYNTHETIC
INC_002,FIR 58/2026 PS Vasant Kunj South,Cash Diversion & Unauthorized Freight Yard Operation,"Vasant Kunj Police Station, South-West Delhi",2026-03-10,Economic Offence,NH8 Mahipalpur Warehouse,Intelligence raid on unauthorized warehouse facility off NH-48. Recovered unaccounted cash packets and shipping logs connecting Vikram Malhotra of Apex Logistics and Tariq Sheikh of Mumbai.,Vikram Malhotra;Tariq Sheikh;Manoj Tiwari,DL01 CA 8899;MH02 CD 5678,SYNTHETIC
INC_003,FIR 219/2026 PS BKC Mumbai,Cross-Border Hawala Settlement Intercept,"Bandra Kurla Complex Police Station, Mumbai",2026-03-13,Hawala & Currency Laundering,Bandra Kurla Complex,Crime Branch unit detained financial controller Amit Sharma outside Trade Centre BKC. Recovered ledger sheets detailing cross-state fund routing via Kuber Financial Services and Apex Logistics accounts.,Amit Sharma;Tariq Sheikh;Sunita Rao,HR26 BC 4321;MH01 BK 9900,SYNTHETIC
INC_004,FIR 89/2026 PS Okhla Industrial Area,Tax Evasion & Shell Company Warehouse Raid,"Okhla Industrial Area PS, South-East Delhi",2026-03-07,Commercial Tax Evasion,Okhla Industrial Area Phase II,State GST enforcement raid on Plot 42 Okhla facility. Shell invoices recovered linking Metro Freight Carriers and WestCoast Shipping.,Vikram Malhotra;Deepak Verma;Suresh Patel,UP16 XY 9876,SYNTHETIC
INC_005,FIR 34/2026 PS Mundra Port,Contraband Clearance via Forged Manifest,"Mundra Marine Police Station, Kutch",2026-03-02,Customs Infraction,Mundra Port Terminal 2,Customs preventive wing impounded shipping container #MSCU-881290. Documentation submitted by WestCoast Shipping under instructions from Zenith Import-Export.,Suresh Patel;Tariq Sheikh;Farooq Ahmed,GJ01 JK 3456,SYNTHETIC
INC_006,FIR 112/2026 PS Cyber Crime Gurugram,Encrypted VoIP & Fake Identity Syndicate,"Cyber Police Station, DLF Phase 5 Gurugram",2026-03-11,Cybercrime / Forged Telecom IDs,Cyber City Gurugram,Raid on office unit operated under BlueStar Security Solutions. 45 activated SIM cards registered under forged identity documents seized.,Rohit Mehra;Rahul Kumar,DL10 RS 4455,SYNTHETIC
INC_007,FIR 147/2026 PS Transit Depot Delhi,Interstate Transport Document Verification Infraction #7,"Transport Depot PS, Delhi",2026-03-07,Vehicle Transit Inspection,Sector 62 Transport Nagar,Routine commercial highway patrol intercepted transit carriers associated with Metro Freight Carriers. Discrepancies noted in driver logs.,Rajesh Yadav;Deepak Verma,UP14 KK 9012,SYNTHETIC
INC_008,FIR 148/2026 PS Transit Depot Delhi,Interstate Transport Document Verification Infraction #8,"Transport Depot PS, Delhi",2026-03-08,Vehicle Transit Inspection,Sector 62 Transport Nagar,Routine commercial highway patrol intercepted transit carriers associated with Metro Freight Carriers. Discrepancies noted in driver logs.,Rajesh Yadav;Deepak Verma,UP14 KK 9012,SYNTHETIC
INC_009,FIR 149/2026 PS Transit Depot Delhi,Interstate Transport Document Verification Infraction #9,"Transport Depot PS, Delhi",2026-03-09,Vehicle Transit Inspection,Sector 62 Transport Nagar,Routine commercial highway patrol intercepted transit carriers associated with Metro Freight Carriers. Discrepancies noted in driver logs.,Rajesh Yadav;Deepak Verma,UP14 KK 9012,SYNTHETIC
INC_010,FIR 150/2026 PS Transit Depot Delhi,Interstate Transport Document Verification Infraction #10,"Transport Depot PS, Delhi",2026-03-10,Vehicle Transit Inspection,Sector 62 Transport Nagar,Routine commercial highway patrol intercepted transit carriers associated with Metro Freight Carriers. Discrepancies noted in driver logs.,Rajesh Yadav;Deepak Verma,UP14 KK 9012,SYNTHETIC
INC_011,FIR 151/2026 PS Transit Depot Delhi,Interstate Transport Document Verification Infraction #11,"Transport Depot PS, Delhi",2026-03-11,Vehicle Transit Inspection,Sector 62 Transport Nagar,Routine commercial highway patrol intercepted transit carriers associated with Metro Freight Carriers. Discrepancies noted in driver logs.,Rajesh Yadav;Deepak Verma,UP14 KK 9012,SYNTHETIC
INC_012,FIR 152/2026 PS Transit Depot Delhi,Interstate Transport Document Verification Infraction #12,"Transport Depot PS, Delhi",2026-03-12,Vehicle Transit Inspection,Sector 62 Transport Nagar,Routine commercial highway patrol intercepted transit carriers associated with Metro Freight Carriers. Discrepancies noted in driver logs.,Rajesh Yadav;Deepak Verma,UP14 KK 9012,SYNTHETIC
