phone_id,phone_number,registered_name,imsi,imei,carrier,provenance
PH_001,+91-98110-23451,Rahul Kumar,404450123456781,864201041234561,Airtel Delhi,SYNTHETIC
PH_002,+91-98201-99881,Vikram Malhotra,404450123456782,864201041234562,Vodafone-Idea Delhi,SYNTHETIC
PH_003,+91-97115-44332,Tariq Sheikh,404450123456783,864201041234563,Jio Mumbai,SYNTHETIC
PH_004,+91-99580-11223,Amit Sharma,404450123456784,864201041234564,Airtel Delhi,SYNTHETIC
PH_005,+91-98712-33445,Sunita Rao,404450123456785,864201041234565,Jio Delhi,SYNTHETIC
PH_006,+91-98101-77889,Deepak Verma,404450123456786,864201041234566,Airtel UP West,SYNTHETIC
PH_007,+91-98220-44556,Suresh Patel,404450123456787,864201041234567,Jio Gujarat,SYNTHETIC
PH_008,+91-98440-66778,Imran Khan,404450123456788,864201041234568,Airtel Mumbai,SYNTHETIC
PH_009,+91-98188-99001,Prepaid Burner - Noida,404450123456789,864201041234569,Airtel UP West,SYNTHETIC
PH_010,+91-99100-22114,Prepaid Burner - BKC,404450123456790,864201041234570,Vodafone-Idea Mumbai,SYNTHETIC
PH_011,+91-98211-55443,Rohit Mehra,404450123456791,864201041234571,Airtel Delhi,SYNTHETIC
PH_012,+91-98733-11229,Neha Kapur,404450123456792,864201041234572,Jio Delhi,SYNTHETIC
PH_013,+91-97177-88990,Rajesh Yadav,404450123456793,864201041234573,Airtel UP West,SYNTHETIC
PH_014,+91-99200-33441,Zaid Merchant,404450123456794,864201041234574,Vodafone-Idea Mumbai,SYNTHETIC
PH_015,+91-98990-11228,Manoj Tiwari,404450123456795,864201041234575,Jio Delhi,SYNTHETIC
PH_016,+91-98233-66554,Farooq Ahmed,404450123456796,864201041234576,Airtel Mumbai,SYNTHETIC
PH_017,+91-98102-33449,Ajay Bhati,404450123456797,864201041234577,Airtel Delhi,SYNTHETIC
PH_018,+91-99711-44552,Sanjay Singh,404450123456798,864201041234578,Jio UP West,SYNTHETIC
PH_019,+91-98330-77665,Wasim Akram,404450123456799,864201041234579,Vodafone-Idea Mumbai,SYNTHETIC
PH_020,+91-99882-11334,Bilal Qureshi,404450123456800,864201041234580,Airtel Mumbai,SYNTHETIC
