event_id,subject_name,location_name,timestamp,vehicle_seen,associated_persons,observation_notes,provenance
SURV_0001,Rahul Kumar,Sector 18 Market Noida,2026-03-11T19:30:00,UP14 AB 1234,Deepak Verma,Subject Rahul Kumar arrived in white Scorpio UP14 AB 1234. On 14-Mar at 19:30 met with Tariq Sheikh near coffee shop. Brief exchange of briefcase.,SYNTHETIC
SURV_0002,Rahul Kumar,Sector 18 Market Noida,2026-03-12T19:30:00,UP14 AB 1234,Deepak Verma,Subject Rahul Kumar arrived in white Scorpio UP14 AB 1234. On 14-Mar at 19:30 met with Tariq Sheikh near coffee shop. Brief exchange of briefcase.,SYNTHETIC
SURV_0003,Rahul Kumar,Sector 18 Market Noida,2026-03-13T19:30:00,UP14 AB 1234,Tariq Sheikh;Deepak Verma,Subject Rahul Kumar arrived in white Scorpio UP14 AB 1234. On 14-Mar at 19:30 met with Tariq Sheikh near coffee shop. Brief exchange of briefcase.,SYNTHETIC
SURV_0004,Rahul Kumar,Sector 18 Market Noida,2026-03-14T19:30:00,UP14 AB 1234,Tariq Sheikh;Deepak Verma,Subject Rahul Kumar arrived in white Scorpio UP14 AB 1234. On 14-Mar at 19:30 met with Tariq Sheikh near coffee shop. Brief exchange of briefcase.,SYNTHETIC
SURV_0005,Tariq Sheikh,Sector 18 Market Noida,2026-03-14T19:25:00,MH02 CD 5678,Rahul Kumar,Tariq Sheikh observed arriving in silver Creta MH02 CD 5678. Walked towards white Scorpio UP14 AB 1234.,SYNTHETIC
SURV_0006,Tariq Sheikh,NH8 Mahipalpur Warehouse,2026-03-13T14:10:00,MH02 CD 5678,Vikram Malhotra;Rahul Kumar,Silver Creta MH02 CD 5678 parked inside warehouse bay alongside black Fortuner DL01 CA 8899. Subjects Vikram Malhotra and Tariq Sheikh seen conferring inside administrative cabin.,SYNTHETIC
SURV_0007,Vikram Malhotra,NH8 Mahipalpur Warehouse,2026-03-05T11:00:00,DL01 CA 8899,Rahul Kumar;Manoj Tiwari,Black Fortuner DL01 CA 8899 entered warehouse perimeter. Rahul Kumar met with Malhotra regarding freight manifests.,SYNTHETIC
SURV_0008,Vikram Malhotra,NH8 Mahipalpur Warehouse,2026-03-08T11:00:00,DL01 CA 8899,Rahul Kumar;Manoj Tiwari,Black Fortuner DL01 CA 8899 entered warehouse perimeter. Rahul Kumar met with Malhotra regarding freight manifests.,SYNTHETIC
SURV_0009,Vikram Malhotra,NH8 Mahipalpur Warehouse,2026-03-10T11:00:00,DL01 CA 8899,Rahul Kumar;Manoj Tiwari,Black Fortuner DL01 CA 8899 entered warehouse perimeter. Rahul Kumar met with Malhotra regarding freight manifests.,SYNTHETIC
SURV_0010,Vikram Malhotra,NH8 Mahipalpur Warehouse,2026-03-12T11:00:00,DL01 CA 8899,Rahul Kumar;Manoj Tiwari,Black Fortuner DL01 CA 8899 entered warehouse perimeter. Rahul Kumar met with Malhotra regarding freight manifests.,SYNTHETIC
SURV_0011,Vikram Malhotra,NH8 Mahipalpur Warehouse,2026-03-13T11:00:00,DL01 CA 8899,Rahul Kumar;Manoj Tiwari,Black Fortuner DL01 CA 8899 entered warehouse perimeter. Rahul Kumar met with Malhotra regarding freight manifests.,SYNTHETIC
SURV_0012,Rahul Kumar,Sector 18 Market Noida,2026-03-01T08:00:00,UP14 AB 1234,Vikram Malhotra,Routine visual surveillance log: Subject Rahul Kumar observed entering Sector 18 Market Noida.,SYNTHETIC
SURV_0013,Vikram Malhotra,NH8 Mahipalpur Warehouse,2026-03-02T09:14:00,DL01 CA 8899,Tariq Sheikh,Routine visual surveillance log: Subject Vikram Malhotra observed entering NH8 Mahipalpur Warehouse.,SYNTHETIC
SURV_0014,Tariq Sheikh,Connaught Place Block B,2026-03-03T10:28:00,MH02 CD 5678,Amit Sharma,Routine visual surveillance log: Subject Tariq Sheikh observed entering Connaught Place Block B.,SYNTHETIC
SURV_0015,Amit Sharma,Okhla Industrial Area Phase II,2026-03-04T11:42:00,HR26 BC 4321,Sunita Rao,Routine visual surveillance log: Subject Amit Sharma observed entering Okhla Industrial Area Phase II.,SYNTHETIC
SURV_0016,Sunita Rao,Bandra Kurla Complex,2026-03-05T12:56:00,DL03 EF 1122,Deepak Verma,Routine visual surveillance log: Subject Sunita Rao observed entering Bandra Kurla Complex.,SYNTHETIC
SURV_0017,Deepak Verma,Cyber City Gurugram,2026-03-06T13:10:00,UP16 XY 9876,Suresh Patel,Routine visual surveillance log: Subject Deepak Verma observed entering Cyber City Gurugram.,SYNTHETIC
SURV_0018,Suresh Patel,Mundra Port Terminal 2,2026-03-07T14:24:00,GJ01 JK 3456,Imran Khan,Routine visual surveillance log: Subject Suresh Patel observed entering Mundra Port Terminal 2.,SYNTHETIC
SURV_0019,Imran Khan,Dhaula Kuan Flyover Underpass,2026-03-08T15:38:00,DL08 PQ 6543,Rohit Mehra,Routine visual surveillance log: Subject Imran Khan observed entering Dhaula Kuan Flyover Underpass.,SYNTHETIC
SURV_0020,Rohit Mehra,Sector 62 Transport Nagar,2026-03-09T16:52:00,DL04 LM 7788,Neha Kapur,Routine visual surveillance log: Subject Rohit Mehra observed entering Sector 62 Transport Nagar.,SYNTHETIC
SURV_0021,Neha Kapur,Crawford Market Area,2026-03-10T17:06:00,MH04 GH 2345,Rajesh Yadav,Routine visual surveillance log: Subject Neha Kapur observed entering Crawford Market Area.,SYNTHETIC
SURV_0022,Rajesh Yadav,Vasant Kunj Promenade,2026-03-11T18:20:00,UP14 KK 9012,Zaid Merchant,Routine visual surveillance log: Subject Rajesh Yadav observed entering Vasant Kunj Promenade.,SYNTHETIC
SURV_0023,Zaid Merchant,Paharganj Hotel Corridor,2026-03-12T19:34:00,DL10 RS 4455,Manoj Tiwari,Routine visual surveillance log: Subject Zaid Merchant observed entering Paharganj Hotel Corridor.,SYNTHETIC
SURV_0024,Manoj Tiwari,Sector 18 Market Noida,2026-03-13T08:48:00,HR51 ZA 1199,Farooq Ahmed,Routine visual surveillance log: Subject Manoj Tiwari observed entering Sector 18 Market Noida.,SYNTHETIC
SURV_0025,Farooq Ahmed,NH8 Mahipalpur Warehouse,2026-03-14T09:02:00,MH01 BK 9900,Ajay Bhati,Routine visual surveillance log: Subject Farooq Ahmed observed entering NH8 Mahipalpur Warehouse.,SYNTHETIC
SURV_0026,Ajay Bhati,Connaught Place Block B,2026-03-01T10:16:00,UP14 AB 1234,Rahul Kumar,Routine visual surveillance log: Subject Ajay Bhati observed entering Connaught Place Block B.,SYNTHETIC
SURV_0027,Rahul Kumar,Okhla Industrial Area Phase II,2026-03-02T11:30:00,DL01 CA 8899,Vikram Malhotra,Routine visual surveillance log: Subject Rahul Kumar observed entering Okhla Industrial Area Phase II.,SYNTHETIC
SURV_0028,Vikram Malhotra,Bandra Kurla Complex,2026-03-03T12:44:00,MH02 CD 5678,Tariq Sheikh,Routine visual surveillance log: Subject Vikram Malhotra observed entering Bandra Kurla Complex.,SYNTHETIC
SURV_0029,Tariq Sheikh,Cyber City Gurugram,2026-03-04T13:58:00,HR26 BC 4321,Amit Sharma,Routine visual surveillance log: Subject Tariq Sheikh observed entering Cyber City Gurugram.,SYNTHETIC
SURV_0030,Amit Sharma,Mundra Port Terminal 2,2026-03-05T14:12:00,DL03 EF 1122,Sunita Rao,Routine visual surveillance log: Subject Amit Sharma observed entering Mundra Port Terminal 2.,SYNTHETIC
SURV_0031,Sunita Rao,Dhaula Kuan Flyover Underpass,2026-03-06T15:26:00,UP16 XY 9876,Deepak Verma,Routine visual surveillance log: Subject Sunita Rao observed entering Dhaula Kuan Flyover Underpass.,SYNTHETIC
SURV_0032,Deepak Verma,Sector 62 Transport Nagar,2026-03-07T16:40:00,GJ01 JK 3456,Suresh Patel,Routine visual surveillance log: Subject Deepak Verma observed entering Sector 62 Transport Nagar.,SYNTHETIC
SURV_0033,Suresh Patel,Crawford Market Area,2026-03-08T17:54:00,DL08 PQ 6543,Imran Khan,Routine visual surveillance log: Subject Suresh Patel observed entering Crawford Market Area.,SYNTHETIC
SURV_0034,Imran Khan,Vasant Kunj Promenade,2026-03-09T18:08:00,DL04 LM 7788,Rohit Mehra,Routine visual surveillance log: Subject Imran Khan observed entering Vasant Kunj Promenade.,SYNTHETIC
SURV_0035,Rohit Mehra,Paharganj Hotel Corridor,2026-03-10T19:22:00,MH04 GH 2345,Neha Kapur,Routine visual surveillance log: Subject Rohit Mehra observed entering Paharganj Hotel Corridor.,SYNTHETIC
SURV_0036,Neha Kapur,Sector 18 Market Noida,2026-03-11T08:36:00,UP14 KK 9012,Rajesh Yadav,Routine visual surveillance log: Subject Neha Kapur observed entering Sector 18 Market Noida.,SYNTHETIC
SURV_0037,Rajesh Yadav,NH8 Mahipalpur Warehouse,2026-03-12T09:50:00,DL10 RS 4455,Zaid Merchant,Routine visual surveillance log: Subject Rajesh Yadav observed entering NH8 Mahipalpur Warehouse.,SYNTHETIC
SURV_0038,Zaid Merchant,Connaught Place Block B,2026-03-13T10:04:00,HR51 ZA 1199,Manoj Tiwari,Routine visual surveillance log: Subject Zaid Merchant observed entering Connaught Place Block B.,SYNTHETIC
SURV_0039,Manoj Tiwari,Okhla Industrial Area Phase II,2026-03-14T11:18:00,MH01 BK 9900,Farooq Ahmed,Routine visual surveillance log: Subject Manoj Tiwari observed entering Okhla Industrial Area Phase II.,SYNTHETIC
SURV_0040,Farooq Ahmed,Bandra Kurla Complex,2026-03-01T12:32:00,UP14 AB 1234,Ajay Bhati,Routine visual surveillance log: Subject Farooq Ahmed observed entering Bandra Kurla Complex.,SYNTHETIC
SURV_0041,Ajay Bhati,Cyber City Gurugram,2026-03-02T13:46:00,DL01 CA 8899,Rahul Kumar,Routine visual surveillance log: Subject Ajay Bhati observed entering Cyber City Gurugram.,SYNTHETIC
SURV_0042,Rahul Kumar,Mundra Port Terminal 2,2026-03-03T14:00:00,MH02 CD 5678,Vikram Malhotra,Routine visual surveillance log: Subject Rahul Kumar observed entering Mundra Port Terminal 2.,SYNTHETIC
SURV_0043,Vikram Malhotra,Dhaula Kuan Flyover Underpass,2026-03-04T15:14:00,HR26 BC 4321,Tariq Sheikh,Routine visual surveillance log: Subject Vikram Malhotra observed entering Dhaula Kuan Flyover Underpass.,SYNTHETIC
SURV_0044,Tariq Sheikh,Sector 62 Transport Nagar,2026-03-05T16:28:00,DL03 EF 1122,Amit Sharma,Routine visual surveillance log: Subject Tariq Sheikh observed entering Sector 62 Transport Nagar.,SYNTHETIC
SURV_0045,Amit Sharma,Crawford Market Area,2026-03-06T17:42:00,UP16 XY 9876,Sunita Rao,Routine visual surveillance log: Subject Amit Sharma observed entering Crawford Market Area.,SYNTHETIC
SURV_0046,Sunita Rao,Vasant Kunj Promenade,2026-03-07T18:56:00,GJ01 JK 3456,Deepak Verma,Routine visual surveillance log: Subject Sunita Rao observed entering Vasant Kunj Promenade.,SYNTHETIC
SURV_0047,Deepak Verma,Paharganj Hotel Corridor,2026-03-08T19:10:00,DL08 PQ 6543,Suresh Patel,Routine visual surveillance log: Subject Deepak Verma observed entering Paharganj Hotel Corridor.,SYNTHETIC
SURV_0048,Suresh Patel,Sector 18 Market Noida,2026-03-09T08:24:00,DL04 LM 7788,Imran Khan,Routine visual surveillance log: Subject Suresh Patel observed entering Sector 18 Market Noida.,SYNTHETIC
SURV_0049,Imran Khan,NH8 Mahipalpur Warehouse,2026-03-10T09:38:00,MH04 GH 2345,Rohit Mehra,Routine visual surveillance log: Subject Imran Khan observed entering NH8 Mahipalpur Warehouse.,SYNTHETIC
SURV_0050,Rohit Mehra,Connaught Place Block B,2026-03-11T10:52:00,UP14 KK 9012,Neha Kapur,Routine visual surveillance log: Subject Rohit Mehra observed entering Connaught Place Block B.,SYNTHETIC
SURV_0051,Neha Kapur,Okhla Industrial Area Phase II,2026-03-12T11:06:00,DL10 RS 4455,Rajesh Yadav,Routine visual surveillance log: Subject Neha Kapur observed entering Okhla Industrial Area Phase II.,SYNTHETIC
SURV_0052,Rajesh Yadav,Bandra Kurla Complex,2026-03-13T12:20:00,HR51 ZA 1199,Zaid Merchant,Routine visual surveillance log: Subject Rajesh Yadav observed entering Bandra Kurla Complex.,SYNTHETIC
SURV_0053,Zaid Merchant,Cyber City Gurugram,2026-03-14T13:34:00,MH01 BK 9900,Manoj Tiwari,Routine visual surveillance log: Subject Zaid Merchant observed entering Cyber City Gurugram.,SYNTHETIC
SURV_0054,Manoj Tiwari,Mundra Port Terminal 2,2026-03-01T14:48:00,UP14 AB 1234,Farooq Ahmed,Routine visual surveillance log: Subject Manoj Tiwari observed entering Mundra Port Terminal 2.,SYNTHETIC
SURV_0055,Farooq Ahmed,Dhaula Kuan Flyover Underpass,2026-03-02T15:02:00,DL01 CA 8899,Ajay Bhati,Routine visual surveillance log: Subject Farooq Ahmed observed entering Dhaula Kuan Flyover Underpass.,SYNTHETIC
SURV_0056,Ajay Bhati,Sector 62 Transport Nagar,2026-03-03T16:16:00,MH02 CD 5678,Rahul Kumar,Routine visual surveillance log: Subject Ajay Bhati observed entering Sector 62 Transport Nagar.,SYNTHETIC
SURV_0057,Rahul Kumar,Crawford Market Area,2026-03-04T17:30:00,HR26 BC 4321,Vikram Malhotra,Routine visual surveillance log: Subject Rahul Kumar observed entering Crawford Market Area.,SYNTHETIC
SURV_0058,Vikram Malhotra,Vasant Kunj Promenade,2026-03-05T18:44:00,DL03 EF 1122,Tariq Sheikh,Routine visual surveillance log: Subject Vikram Malhotra observed entering Vasant Kunj Promenade.,SYNTHETIC
SURV_0059,Tariq Sheikh,Paharganj Hotel Corridor,2026-03-06T19:58:00,UP16 XY 9876,Amit Sharma,Routine visual surveillance log: Subject Tariq Sheikh observed entering Paharganj Hotel Corridor.,SYNTHETIC
SURV_0060,Amit Sharma,Sector 18 Market Noida,2026-03-07T08:12:00,GJ01 JK 3456,Sunita Rao,Routine visual surveillance log: Subject Amit Sharma observed entering Sector 18 Market Noida.,SYNTHETIC
SURV_0061,Sunita Rao,NH8 Mahipalpur Warehouse,2026-03-08T09:26:00,DL08 PQ 6543,Deepak Verma,Routine visual surveillance log: Subject Sunita Rao observed entering NH8 Mahipalpur Warehouse.,SYNTHETIC
SURV_0062,Deepak Verma,Connaught Place Block B,2026-03-09T10:40:00,DL04 LM 7788,Suresh Patel,Routine visual surveillance log: Subject Deepak Verma observed entering Connaught Place Block B.,SYNTHETIC
SURV_0063,Suresh Patel,Okhla Industrial Area Phase II,2026-03-10T11:54:00,MH04 GH 2345,Imran Khan,Routine visual surveillance log: Subject Suresh Patel observed entering Okhla Industrial Area Phase II.,SYNTHETIC
SURV_0064,Imran Khan,Bandra Kurla Complex,2026-03-11T12:08:00,UP14 KK 9012,Rohit Mehra,Routine visual surveillance log: Subject Imran Khan observed entering Bandra Kurla Complex.,SYNTHETIC
SURV_0065,Rohit Mehra,Cyber City Gurugram,2026-03-12T13:22:00,DL10 RS 4455,Neha Kapur,Routine visual surveillance log: Subject Rohit Mehra observed entering Cyber City Gurugram.,SYNTHETIC
SURV_0066,Neha Kapur,Mundra Port Terminal 2,2026-03-13T14:36:00,HR51 ZA 1199,Rajesh Yadav,Routine visual surveillance log: Subject Neha Kapur observed entering Mundra Port Terminal 2.,SYNTHETIC
