txn_id,source_account,target_account,source_entity,target_entity,amount_inr,timestamp,payment_mode,reference_note,chain_id,provenance
TXN_0001,ACC_HDFC_APEX_9981,ACC_ICICI_RAHUL_4412,Apex Global Logistics Pvt Ltd,Rahul Kumar,1850000.0,2026-03-12T11:30:00,RTGS,Advance operational freight disbursement,CHAIN_01,SYNTHETIC
TXN_0002,ACC_ICICI_RAHUL_4412,ACC_AXIS_TARIQ_7731,Rahul Kumar,Tariq Sheikh,1600000.0,2026-03-12T14:15:00,IMPS_SPLIT,Consignment brokerage settlement ref 8812,CHAIN_01,SYNTHETIC
TXN_0003,ACC_AXIS_TARIQ_7731,ACC_KOTAK_ZENITH_1190,Tariq Sheikh,Zenith Import-Export Trading,1520000.0,2026-03-12T17:45:00,NEFT,Capital partner induction tranche,CHAIN_01,SYNTHETIC
TXN_0004,ACC_AXIS_TARIQ_7731,ACC_SBI_AMIT_2234,Tariq Sheikh,Amit Sharma,450000.0,2026-03-13T09:20:00,IMPS,Professional services clearance,CHAIN_01,SYNTHETIC
TXN_0005,ACC_HDFC_APEX_9981,ACC_YES_KUBER_8842,Apex Global Logistics Pvt Ltd,Kuber Financial Services,2500000.0,2026-03-08T15:00:00,RTGS,Advisory retainer invoice 2026/03,CHAIN_02,SYNTHETIC
TXN_0006,ACC_YES_KUBER_8842,ACC_SBI_SUNITA_6671,Kuber Financial Services,Sunita Rao,1200000.0,2026-03-09T10:30:00,NEFT,Dividend draw,CHAIN_02,SYNTHETIC
TXN_0007,ACC_SBI_SUNITA_6671,ACC_ICICI_RAHUL_4412,Sunita Rao,Rahul Kumar,750000.0,2026-03-09T14:00:00,IMPS,Property advance token,CHAIN_02,SYNTHETIC
TXN_0008,ACC_SRC_0008,ACC_TGT_0008,Apex Global Logistics Pvt Ltd,Deepak Verma,25000.0,2026-03-01T18:00:00,IMPS,Logistics disbursement ref #1000,ROUTINE,SYNTHETIC
TXN_0009,ACC_SRC_0009,ACC_TGT_0009,Zenith Import-Export Trading,Imran Khan,120000.0,2026-03-02T19:19:00,IMPS,Logistics disbursement ref #1001,ROUTINE,SYNTHETIC
TXN_0010,ACC_SRC_0010,ACC_TGT_0010,Metro Freight Carriers,Rajesh Yadav,250000.0,2026-03-03T20:38:00,UPI,Logistics disbursement ref #1002,ROUTINE,SYNTHETIC
TXN_0011,ACC_SRC_0011,ACC_TGT_0011,Cityline Auto Rentals,Vikram Malhotra,250000.0,2026-03-04T21:57:00,NEFT,Logistics disbursement ref #1003,ROUTINE,SYNTHETIC
TXN_0012,ACC_SRC_0012,ACC_TGT_0012,Apex Global Logistics Pvt Ltd,Deepak Verma,320000.0,2026-03-05T22:16:00,NEFT,Logistics disbursement ref #1004,ROUTINE,SYNTHETIC
TXN_0013,ACC_SRC_0013,ACC_TGT_0013,Zenith Import-Export Trading,Imran Khan,320000.0,2026-03-06T23:35:00,UPI,Logistics disbursement ref #1005,ROUTINE,SYNTHETIC
TXN_0014,ACC_SRC_0014,ACC_TGT_0014,Metro Freight Carriers,Rajesh Yadav,600000.0,2026-03-08T00:54:00,UPI,Logistics disbursement ref #1006,ROUTINE,SYNTHETIC
TXN_0015,ACC_SRC_0015,ACC_TGT_0015,Cityline Auto Rentals,Vikram Malhotra,25000.0,2026-03-09T01:13:00,UPI,Logistics disbursement ref #1007,ROUTINE,SYNTHETIC
TXN_0016,ACC_SRC_0016,ACC_TGT_0016,Apex Global Logistics Pvt Ltd,Deepak Verma,120000.0,2026-03-09T18:32:00,RTGS,Logistics disbursement ref #1008,ROUTINE,SYNTHETIC
TXN_0017,ACC_SRC_0017,ACC_TGT_0017,Zenith Import-Export Trading,Imran Khan,120000.0,2026-03-10T19:51:00,NEFT,Logistics disbursement ref #1009,ROUTINE,SYNTHETIC
TXN_0018,ACC_SRC_0018,ACC_TGT_0018,Metro Freight Carriers,Rajesh Yadav,320000.0,2026-03-11T20:10:00,UPI,Logistics disbursement ref #1010,ROUTINE,SYNTHETIC
TXN_0019,ACC_SRC_0019,ACC_TGT_0019,Cityline Auto Rentals,Vikram Malhotra,250000.0,2026-03-12T21:29:00,RTGS,Logistics disbursement ref #1011,ROUTINE,SYNTHETIC
TXN_0020,ACC_SRC_0020,ACC_TGT_0020,Apex Global Logistics Pvt Ltd,Deepak Verma,250000.0,2026-03-13T22:48:00,NEFT,Logistics disbursement ref #1012,ROUTINE,SYNTHETIC
TXN_0021,ACC_SRC_0021,ACC_TGT_0021,Zenith Import-Export Trading,Imran Khan,600000.0,2026-03-14T23:07:00,UPI,Logistics disbursement ref #1013,ROUTINE,SYNTHETIC
TXN_0022,ACC_SRC_0022,ACC_TGT_0022,Metro Freight Carriers,Rajesh Yadav,600000.0,2026-03-16T00:26:00,RTGS,Logistics disbursement ref #1014,ROUTINE,SYNTHETIC
TXN_0023,ACC_SRC_0023,ACC_TGT_0023,Cityline Auto Rentals,Vikram Malhotra,48000.0,2026-03-02T01:45:00,UPI,Logistics disbursement ref #1015,ROUTINE,SYNTHETIC
TXN_0024,ACC_SRC_0024,ACC_TGT_0024,Apex Global Logistics Pvt Ltd,Deepak Verma,600000.0,2026-03-02T18:04:00,RTGS,Logistics disbursement ref #1016,ROUTINE,SYNTHETIC
TXN_0025,ACC_SRC_0025,ACC_TGT_0025,Zenith Import-Export Trading,Imran Khan,250000.0,2026-03-03T19:23:00,NEFT,Logistics disbursement ref #1017,ROUTINE,SYNTHETIC
TXN_0026,ACC_SRC_0026,ACC_TGT_0026,Metro Freight Carriers,Rajesh Yadav,250000.0,2026-03-04T20:42:00,UPI,Logistics disbursement ref #1018,ROUTINE,SYNTHETIC
TXN_0027,ACC_SRC_0027,ACC_TGT_0027,Cityline Auto Rentals,Vikram Malhotra,120000.0,2026-03-05T21:01:00,NEFT,Logistics disbursement ref #1019,ROUTINE,SYNTHETIC
TXN_0028,ACC_SRC_0028,ACC_TGT_0028,Apex Global Logistics Pvt Ltd,Deepak Verma,25000.0,2026-03-06T22:20:00,UPI,Logistics disbursement ref #1020,ROUTINE,SYNTHETIC
TXN_0029,ACC_SRC_0029,ACC_TGT_0029,Zenith Import-Export Trading,Imran Khan,600000.0,2026-03-07T23:39:00,UPI,Logistics disbursement ref #1021,ROUTINE,SYNTHETIC
TXN_0030,ACC_SRC_0030,ACC_TGT_0030,Metro Freight Carriers,Rajesh Yadav,48000.0,2026-03-09T00:58:00,NEFT,Logistics disbursement ref #1022,ROUTINE,SYNTHETIC
TXN_0031,ACC_SRC_0031,ACC_TGT_0031,Cityline Auto Rentals,Vikram Malhotra,48000.0,2026-03-10T01:17:00,NEFT,Logistics disbursement ref #1023,ROUTINE,SYNTHETIC
TXN_0032,ACC_SRC_0032,ACC_TGT_0032,Apex Global Logistics Pvt Ltd,Deepak Verma,25000.0,2026-03-10T18:36:00,IMPS,Logistics disbursement ref #1024,ROUTINE,SYNTHETIC
TXN_0033,ACC_SRC_0033,ACC_TGT_0033,Zenith Import-Export Trading,Imran Khan,600000.0,2026-03-11T19:55:00,NEFT,Logistics disbursement ref #1025,ROUTINE,SYNTHETIC
TXN_0034,ACC_SRC_0034,ACC_TGT_0034,Metro Freight Carriers,Rajesh Yadav,600000.0,2026-03-12T20:14:00,RTGS,Logistics disbursement ref #1026,ROUTINE,SYNTHETIC
TXN_0035,ACC_SRC_0035,ACC_TGT_0035,Cityline Auto Rentals,Vikram Malhotra,48000.0,2026-03-13T21:33:00,IMPS,Logistics disbursement ref #1027,ROUTINE,SYNTHETIC
TXN_0036,ACC_SRC_0036,ACC_TGT_0036,Apex Global Logistics Pvt Ltd,Deepak Verma,250000.0,2026-03-14T22:52:00,RTGS,Logistics disbursement ref #1028,ROUTINE,SYNTHETIC
TXN_0037,ACC_SRC_0037,ACC_TGT_0037,Zenith Import-Export Trading,Imran Khan,75000.0,2026-03-15T23:11:00,IMPS,Logistics disbursement ref #1029,ROUTINE,SYNTHETIC
TXN_0038,ACC_SRC_0038,ACC_TGT_0038,Metro Freight Carriers,Rajesh Yadav,48000.0,2026-03-02T00:30:00,RTGS,Logistics disbursement ref #1030,ROUTINE,SYNTHETIC
TXN_0039,ACC_SRC_0039,ACC_TGT_0039,Cityline Auto Rentals,Vikram Malhotra,320000.0,2026-03-03T01:49:00,UPI,Logistics disbursement ref #1031,ROUTINE,SYNTHETIC
TXN_0040,ACC_SRC_0040,ACC_TGT_0040,Apex Global Logistics Pvt Ltd,Deepak Verma,120000.0,2026-03-03T18:08:00,UPI,Logistics disbursement ref #1032,ROUTINE,SYNTHETIC
TXN_0041,ACC_SRC_0041,ACC_TGT_0041,Zenith Import-Export Trading,Imran Khan,120000.0,2026-03-04T19:27:00,IMPS,Logistics disbursement ref #1033,ROUTINE,SYNTHETIC
TXN_0042,ACC_SRC_0042,ACC_TGT_0042,Metro Freight Carriers,Rajesh Yadav,25000.0,2026-03-05T20:46:00,RTGS,Logistics disbursement ref #1034,ROUTINE,SYNTHETIC
TXN_0043,ACC_SRC_0043,ACC_TGT_0043,Cityline Auto Rentals,Vikram Malhotra,48000.0,2026-03-06T21:05:00,NEFT,Logistics disbursement ref #1035,ROUTINE,SYNTHETIC
TXN_0044,ACC_SRC_0044,ACC_TGT_0044,Apex Global Logistics Pvt Ltd,Deepak Verma,75000.0,2026-03-07T22:24:00,NEFT,Logistics disbursement ref #1036,ROUTINE,SYNTHETIC
TXN_0045,ACC_SRC_0045,ACC_TGT_0045,Zenith Import-Export Trading,Imran Khan,250000.0,2026-03-08T23:43:00,RTGS,Logistics disbursement ref #1037,ROUTINE,SYNTHETIC
TXN_0046,ACC_SRC_0046,ACC_TGT_0046,Metro Freight Carriers,Rajesh Yadav,250000.0,2026-03-10T00:02:00,RTGS,Logistics disbursement ref #1038,ROUTINE,SYNTHETIC
TXN_0047,ACC_SRC_0047,ACC_TGT_0047,Cityline Auto Rentals,Vikram Malhotra,25000.0,2026-03-11T01:21:00,NEFT,Logistics disbursement ref #1039,ROUTINE,SYNTHETIC
TXN_0048,ACC_SRC_0048,ACC_TGT_0048,Apex Global Logistics Pvt Ltd,Deepak Verma,320000.0,2026-03-11T18:40:00,NEFT,Logistics disbursement ref #1040,ROUTINE,SYNTHETIC
TXN_0049,ACC_SRC_0049,ACC_TGT_0049,Zenith Import-Export Trading,Imran Khan,48000.0,2026-03-12T19:59:00,NEFT,Logistics disbursement ref #1041,ROUTINE,SYNTHETIC
TXN_0050,ACC_SRC_0050,ACC_TGT_0050,Metro Freight Carriers,Rajesh Yadav,25000.0,2026-03-13T20:18:00,UPI,Logistics disbursement ref #1042,ROUTINE,SYNTHETIC
TXN_0051,ACC_SRC_0051,ACC_TGT_0051,Cityline Auto Rentals,Vikram Malhotra,25000.0,2026-03-14T21:37:00,RTGS,Logistics disbursement ref #1043,ROUTINE,SYNTHETIC
TXN_0052,ACC_SRC_0052,ACC_TGT_0052,Apex Global Logistics Pvt Ltd,Deepak Verma,75000.0,2026-03-15T22:56:00,IMPS,Logistics disbursement ref #1044,ROUTINE,SYNTHETIC
TXN_0053,ACC_SRC_0053,ACC_TGT_0053,Zenith Import-Export Trading,Imran Khan,48000.0,2026-03-01T23:15:00,RTGS,Logistics disbursement ref #1045,ROUTINE,SYNTHETIC
TXN_0054,ACC_SRC_0054,ACC_TGT_0054,Metro Freight Carriers,Rajesh Yadav,320000.0,2026-03-03T00:34:00,IMPS,Logistics disbursement ref #1046,ROUTINE,SYNTHETIC
TXN_0055,ACC_SRC_0055,ACC_TGT_0055,Cityline Auto Rentals,Vikram Malhotra,48000.0,2026-03-04T01:53:00,IMPS,Logistics disbursement ref #1047,ROUTINE,SYNTHETIC
TXN_0056,ACC_SRC_0056,ACC_TGT_0056,Apex Global Logistics Pvt Ltd,Deepak Verma,600000.0,2026-03-04T18:12:00,IMPS,Logistics disbursement ref #1048,ROUTINE,SYNTHETIC
TXN_0057,ACC_SRC_0057,ACC_TGT_0057,Zenith Import-Export Trading,Imran Khan,48000.0,2026-03-05T19:31:00,NEFT,Logistics disbursement ref #1049,ROUTINE,SYNTHETIC
TXN_0058,ACC_SRC_0058,ACC_TGT_0058,Metro Freight Carriers,Rajesh Yadav,25000.0,2026-03-06T20:50:00,IMPS,Logistics disbursement ref #1050,ROUTINE,SYNTHETIC
TXN_0059,ACC_SRC_0059,ACC_TGT_0059,Cityline Auto Rentals,Vikram Malhotra,75000.0,2026-03-07T21:09:00,IMPS,Logistics disbursement ref #1051,ROUTINE,SYNTHETIC
TXN_0060,ACC_SRC_0060,ACC_TGT_0060,Apex Global Logistics Pvt Ltd,Deepak Verma,120000.0,2026-03-08T22:28:00,IMPS,Logistics disbursement ref #1052,ROUTINE,SYNTHETIC
TXN_0061,ACC_SRC_0061,ACC_TGT_0061,Zenith Import-Export Trading,Imran Khan,600000.0,2026-03-09T23:47:00,NEFT,Logistics disbursement ref #1053,ROUTINE,SYNTHETIC
TXN_0062,ACC_SRC_0062,ACC_TGT_0062,Metro Freight Carriers,Rajesh Yadav,320000.0,2026-03-11T00:06:00,NEFT,Logistics disbursement ref #1054,ROUTINE,SYNTHETIC
TXN_0063,ACC_SRC_0063,ACC_TGT_0063,Cityline Auto Rentals,Vikram Malhotra,25000.0,2026-03-12T01:25:00,IMPS,Logistics disbursement ref #1055,ROUTINE,SYNTHETIC
TXN_0064,ACC_SRC_0064,ACC_TGT_0064,Apex Global Logistics Pvt Ltd,Deepak Verma,320000.0,2026-03-12T18:44:00,UPI,Logistics disbursement ref #1056,ROUTINE,SYNTHETIC
TXN_0065,ACC_SRC_0065,ACC_TGT_0065,Zenith Import-Export Trading,Imran Khan,600000.0,2026-03-13T19:03:00,NEFT,Logistics disbursement ref #1057,ROUTINE,SYNTHETIC
TXN_0066,ACC_SRC_0066,ACC_TGT_0066,Metro Freight Carriers,Rajesh Yadav,48000.0,2026-03-14T20:22:00,RTGS,Logistics disbursement ref #1058,ROUTINE,SYNTHETIC
TXN_0067,ACC_SRC_0067,ACC_TGT_0067,Cityline Auto Rentals,Vikram Malhotra,48000.0,2026-03-15T21:41:00,IMPS,Logistics disbursement ref #1059,ROUTINE,SYNTHETIC
TXN_0068,ACC_SRC_0068,ACC_TGT_0068,Apex Global Logistics Pvt Ltd,Deepak Verma,48000.0,2026-03-01T22:00:00,IMPS,Logistics disbursement ref #1060,ROUTINE,SYNTHETIC
TXN_0069,ACC_SRC_0069,ACC_TGT_0069,Zenith Import-Export Trading,Imran Khan,48000.0,2026-03-02T23:19:00,UPI,Logistics disbursement ref #1061,ROUTINE,SYNTHETIC
TXN_0070,ACC_SRC_0070,ACC_TGT_0070,Metro Freight Carriers,Rajesh Yadav,120000.0,2026-03-04T00:38:00,RTGS,Logistics disbursement ref #1062,ROUTINE,SYNTHETIC
TXN_0071,ACC_SRC_0071,ACC_TGT_0071,Cityline Auto Rentals,Vikram Malhotra,600000.0,2026-03-05T01:57:00,NEFT,Logistics disbursement ref #1063,ROUTINE,SYNTHETIC
TXN_0072,ACC_SRC_0072,ACC_TGT_0072,Apex Global Logistics Pvt Ltd,Deepak Verma,120000.0,2026-03-05T18:16:00,NEFT,Logistics disbursement ref #1064,ROUTINE,SYNTHETIC
TXN_0073,ACC_SRC_0073,ACC_TGT_0073,Zenith Import-Export Trading,Imran Khan,25000.0,2026-03-06T19:35:00,NEFT,Logistics disbursement ref #1065,ROUTINE,SYNTHETIC
TXN_0074,ACC_SRC_0074,ACC_TGT_0074,Metro Freight Carriers,Rajesh Yadav,25000.0,2026-03-07T20:54:00,RTGS,Logistics disbursement ref #1066,ROUTINE,SYNTHETIC
TXN_0075,ACC_SRC_0075,ACC_TGT_0075,Cityline Auto Rentals,Vikram Malhotra,48000.0,2026-03-08T21:13:00,IMPS,Logistics disbursement ref #1067,ROUTINE,SYNTHETIC
